MAL63_136	NA
MATA1_1012	NA
MATA1_1225	NA
MATA1_1740	NA
MATA1_608	NA
MATA1-MATALPHA2-dimer_1435	NA
MATA1-MATALPHA2-dimer_1436	NA
MATA1-MATALPHA2-dimer_1437	NA
MATALPHA1-MCM1-dimer_1442	NA
MBP1-SWI6-dimer_1542	NA
Oaf1-Pip2-dimer_1433.1	NA
Oaf1-Pip2-dimer_1433.2	NA
Oaf1-Pip2-dimer_1433.3	NA
Oaf1-Pip2-dimer_1433.4	NA
Oaf1-Pip2-dimer_1433.5	NA
TBP-TFIIA_1328	NA
TBP-TFIIA-TFIIB_1330	NA
TBP-TFIIB_1329	NA
TFIIIC_1430	NA
YAL051W_1048	OAF1
YAL051W_1837	OAF1
YAL051W_2060	OAF1
YAL051W_2149	OAF1
YAL051W_2219	OAF1
YAL051W_482	OAF1
YAL051W_867	OAF1
YBL005W_1053	PDR3
YBL005W_1385	PDR3
YBL005W_1386	PDR3
YBL005W_1387	PDR3
YBL005W_1584	PDR3
YBL005W_1841	PDR3
YBL005W_2049	PDR3
YBL005W_2062	PDR3
YBL005W_2083	PDR3
YBL005W_2105	PDR3
YBL005W_232	PDR3
YBL005W_235	PDR3
YBL005W_240	PDR3
YBL005W_650	PDR3
YBL008W_1214	HIR1
YBL008W_1795	HIR1
YBL008W_988	HIR1
YBL021C_1211	HAP3
YBL021C_1536	HAP3
YBL021C_1592	HAP3
YBL021C_1792	HAP3
YBL021C_699	HAP3
YBL021C_982	HAP3
YBL054W_1918	TOD6
YBL054W_2150	TOD6
YBL054W_2220	TOD6
YBL054W_495	TOD6
YBL054W_852	TOD6
YBL103C_1094	RTG3
YBL103C_1095	RTG3
YBL103C_1096	RTG3
YBL103C_1097	RTG3
YBL103C_1254	RTG3
YBL103C_1445	RTG3
YBL103C_1446	RTG3
YBL103C_1562	RTG3
YBL103C_1704	RTG3
YBL103C_1705	RTG3
YBL103C_1706	RTG3
YBL103C_1707	RTG3
YBL103C_1866	RTG3
YBL103C_2166	RTG3
YBL103C_602	RTG3
YBL103C_870	RTG3
YBR033W_1770	EDS1
YBR033W_2093	EDS1
YBR033W_517	EDS1
YBR033W_954	EDS1
YBR049C_1072	REB1
YBR049C_1073	REB1
YBR049C_1244	REB1
YBR049C_1309	REB1
YBR049C_1391	REB1
YBR049C_1392	REB1
YBR049C_1393	REB1
YBR049C_1447	REB1
YBR049C_1556	REB1
YBR049C_1689	REB1
YBR049C_1690	REB1
YBR049C_1853	REB1
YBR049C_2053	REB1
YBR049C_407	REB1
YBR049C_540	REB1
YBR049C_635	REB1
YBR049C_907	REB1
YBR066C_1382	NRG2
YBR066C_1383	NRG2
YBR066C_1384	NRG2
YBR066C_2082	NRG2
YBR083W_1133	TEC1
YBR083W_1134	TEC1
YBR083W_1135	TEC1
YBR083W_1415	TEC1
YBR083W_1574	TEC1
YBR083W_1721	TEC1
YBR083W_1722	TEC1
YBR083W_1900	TEC1
YBR083W_2036	TEC1
YBR083W_2037	TEC1
YBR083W_2038	TEC1
YBR083W_2181	TEC1
YBR083W_361	TEC1
YBR083W_508	TEC1
YBR083W_632	TEC1
YBR083W_815	TEC1
YBR089C-A_2147	NHP6B
YBR089C-A_2217	NHP6B
YBR089C-A_792	NHP6B
YBR150C_1899	TBS1
YBR150C_2179	TBS1
YBR150C_2237	TBS1
YBR150C_552	TBS1
YBR150C_873	TBS1
YBR182C_1109	SMP1
YBR182C_1259	SMP1
YBR182C_1427	SMP1
YBR182C_1448	SMP1
YBR182C_1876	SMP1
YBR182C_2171	SMP1
YBR182C_666	SMP1
YBR182C_864	SMP1
YBR182C_890	SMP1
YBR239C_1919	ERT1
YBR239C_2188	ERT1
YBR239C_564	ERT1
YBR239C_826	ERT1
YBR240C_1136	THI2
YBR240C_1137	THI2
YBR240C_1269	THI2
YBR240C_1449	THI2
YBR240C_1575	THI2
YBR240C_1723	THI2
YBR240C_1901	THI2
YBR240C_378	THI2
YBR240C_618	THI2
YBR267W_1920	REI1
YBR267W_489	REI1
YBR297W_1011	MAL33
YBR297W_1647	MAL33
YBR297W_1648	MAL33
YBR297W_1813	MAL33
YCL055W_127	KAR4
YCL058C_1417	FYV5
YCL067C_2079	HMLALPHA2
YCL067C_2102	HMLALPHA2
YCR018C_1115	SRD1
YCR018C_1883	SRD1
YCR018C_2173	SRD1
YCR018C_2232	SRD1
YCR018C_530	SRD1
YCR018C_851	SRD1
YCR039C_1364	MATALPHA2
YCR039C_1365	MATALPHA2
YCR039C_1366	MATALPHA2
YCR039C_1439	MATALPHA2
YCR039C_1541	MATALPHA2
YCR039C_2044	MATALPHA2
YCR039C_2137	MATALPHA2
YCR039C_2212	MATALPHA2
YCR039C_833	MATALPHA2
YCR040W_1418	MATALPHA1
YCR065W_111	HCM1
YCR065W_570	HCM1
YCR096C_558	HMRA2
YCR106W_1070	RDS1
YCR106W_1071	RDS1
YCR106W_1555	RDS1
YCR106W_1688	RDS1
YCR106W_1852	RDS1
YCR106W_2066	RDS1
YCR106W_2159	RDS1
YCR106W_384	RDS1
YCR106W_506	RDS1
YCR106W_644	RDS1
YCR106W_838	RDS1
YDL002C_502	NHP10
YDL020C_1089	RPN4
YDL020C_1090	RPN4
YDL020C_1311	RPN4
YDL020C_1397	RPN4
YDL020C_1398	RPN4
YDL020C_1399	RPN4
YDL020C_1561	RPN4
YDL020C_1700	RPN4
YDL020C_1701	RPN4
YDL020C_1864	RPN4
YDL020C_2163	RPN4
YDL020C_2229	RPN4
YDL020C_280	RPN4
YDL020C_377	RPN4
YDL020C_504	RPN4
YDL020C_693	RPN4
YDL020C_858	RPN4
YDL042C_1970	SIR2
YDL042C_1971	SIR2
YDL042C_1972	SIR2
YDL042C_1973	SIR2
YDL048C_1127	STP4
YDL048C_1892	STP4
YDL048C_2175	STP4
YDL048C_559	STP4
YDL048C_604	STP4
YDL048C_821	STP4
YDL056W_1013	MBP1
YDL056W_1014	MBP1
YDL056W_1226	MBP1
YDL056W_1297	MBP1
YDL056W_1444	MBP1
YDL056W_1649	MBP1
YDL056W_1650	MBP1
YDL056W_1815	MBP1
YDL056W_1944	MBP1
YDL056W_1945	MBP1
YDL056W_2004	MBP1
YDL056W_2138	MBP1
YDL056W_354	MBP1
YDL056W_463	MBP1
YDL056W_500	MBP1
YDL056W_656	MBP1
YDL056W_878	MBP1
YDL056W_895	MBP1
YDL106C_1055	PHO2
YDL106C_1056	PHO2
YDL106C_1057	PHO2
YDL106C_1207	PHO2
YDL106C_1450	PHO2
YDL106C_1550	PHO2
YDL106C_1677	PHO2
YDL106C_1678	PHO2
YDL106C_1679	PHO2
YDL106C_1680	PHO2
YDL106C_1843	PHO2
YDL106C_2050	PHO2
YDL106C_2154	PHO2
YDL106C_394	PHO2
YDL106C_505	PHO2
YDL106C_692	PHO2
YDL106C_794	PHO2
YDL166C_1771	FAP7
YDL170W_1139	UGA3
YDL170W_1140	UGA3
YDL170W_1141	UGA3
YDL170W_1270	UGA3
YDL170W_1724	UGA3
YDL170W_1725	UGA3
YDL170W_1904	UGA3
YDL170W_2069	UGA3
YDL170W_320	UGA3
YDL170W_486	UGA3
YDL170W_651	UGA3
YDL170W_773	UGA3
YDR009W_1776	GAL3
YDR009W_957	GAL3
YDR026C_1160	NSI1
YDR026C_1581	NSI1
YDR026C_1921	NSI1
YDR026C_408	NSI1
YDR026C_696	NSI1
YDR034C_133	LYS14
YDR034C_2136	LYS14
YDR034C_521	LYS14
YDR034C_865	LYS14
YDR043C_1046	NRG1
YDR043C_1047	NRG1
YDR043C_1237	NRG1
YDR043C_1548	NRG1
YDR043C_1672	NRG1
YDR043C_1673	NRG1
YDR043C_1836	NRG1
YDR043C_2148	NRG1
YDR043C_2218	NRG1
YDR043C_375	NRG1
YDR043C_449	NRG1
YDR043C_598	NRG1
YDR043C_788	NRG1
YDR043C_904	NRG1
YDR049W_1922	VMS1
YDR081C_1050	PDC2
YDR081C_1839	PDC2
YDR096W_562	GIS1
YDR096W_87	GIS1
YDR096W_88	GIS1
YDR123C_1002	INO2
YDR123C_1219	INO2
YDR123C_1293	INO2
YDR123C_1451	INO2
YDR123C_1591	INO2
YDR123C_1805	INO2
YDR123C_358	INO2
YDR123C_713	INO2
YDR146C_1131	SWI5
YDR146C_1267	SWI5
YDR146C_1314	SWI5
YDR146C_1573	SWI5
YDR146C_1897	SWI5
YDR146C_2008	SWI5
YDR146C_2059	SWI5
YDR146C_569	SWI5
YDR146C_591	SWI5
YDR146C_901	SWI5
YDR169C_2233	STB3
YDR169C_810	STB3
YDR174W_2249	HMO1
YDR207C_1144	UME6
YDR207C_1145	UME6
YDR207C_1317	UME6
YDR207C_1577	UME6
YDR207C_1578	UME6
YDR207C_1727	UME6
YDR207C_1906	UME6
YDR207C_2183	UME6
YDR207C_2239	UME6
YDR207C_395	UME6
YDR207C_511	UME6
YDR207C_709	UME6
YDR207C_774	UME6
YDR207C_828	UME6
YDR213W_1146	UPC2
YDR213W_1907	UPC2
YDR213W_2090	UPC2
YDR213W_2109	UPC2
YDR213W_324	UPC2
YDR213W_544	UPC2
YDR216W_1180	ADR1
YDR216W_1515	ADR1
YDR216W_1594	ADR1
YDR216W_1595	ADR1
YDR216W_1745	ADR1
YDR216W_507	ADR1
YDR216W_576	ADR1
YDR216W_623	ADR1
YDR216W_919	ADR1
YDR216W_920	ADR1
YDR227W_1978	SIR4
YDR227W_1979	SIR4
YDR227W_1980	SIR4
YDR227W_1981	SIR4
YDR253C_1021	MET32
YDR253C_1022	MET32
YDR253C_1373	MET32
YDR253C_1374	MET32
YDR253C_1375	MET32
YDR253C_150	MET32
YDR253C_1546	MET32
YDR253C_1654	MET32
YDR253C_1821	MET32
YDR253C_2140	MET32
YDR253C_2214	MET32
YDR253C_497	MET32
YDR253C_637	MET32
YDR253C_855	MET32
YDR259C_1156	YAP6
YDR259C_1157	YAP6
YDR259C_1158	YAP6
YDR259C_1273	YAP6
YDR259C_1452	YAP6
YDR259C_1734	YAP6
YDR259C_1735	YAP6
YDR259C_1916	YAP6
YDR259C_2187	YAP6
YDR259C_599	YAP6
YDR259C_778	YAP6
YDR259C_820	YAP6
YDR259C_888	YAP6
YDR266C_1161	HEL2
YDR266C_1923	HEL2
YDR277C_1671	MTH1
YDR277C_1832	MTH1
YDR303C_2165	RSC3
YDR303C_580	RSC3
YDR303C_853	RSC3
YDR310C_1128	SUM1
YDR310C_1265	SUM1
YDR310C_1572	SUM1
YDR310C_1893	SUM1
YDR310C_2176	SUM1
YDR310C_2235	SUM1
YDR310C_310	SUM1
YDR310C_311	SUM1
YDR310C_383	SUM1
YDR310C_452	SUM1
YDR310C_478	SUM1
YDR310C_679	SUM1
YDR310C_850	SUM1
YDR310C_892	SUM1
YDR421W_1183	ARO80
YDR421W_1509	ARO80
YDR421W_1600	ARO80
YDR421W_1749	ARO80
YDR421W_2115	ARO80
YDR421W_616	ARO80
YDR421W_725	ARO80
YDR421W_877	ARO80
YDR421W_928	ARO80
YDR421W_929	ARO80
YDR423C_1187	CAD1
YDR423C_1343	CAD1
YDR423C_1344	CAD1
YDR423C_1345	CAD1
YDR423C_1453	CAD1
YDR423C_1517	CAD1
YDR423C_1604	CAD1
YDR423C_1605	CAD1
YDR423C_1756	CAD1
YDR423C_2073	CAD1
YDR423C_2098	CAD1
YDR423C_387	CAD1
YDR423C_620	CAD1
YDR423C_727	CAD1
YDR423C_898	CAD1
YDR423C_937	CAD1
YDR423C_938	CAD1
YDR423C_939	CAD1
YDR451C_1167	YHP1
YDR451C_1454	YHP1
YDR451C_1931	YHP1
YDR451C_422	YHP1
YDR451C_677	YHP1
YDR451C_716	YHP1
YDR463W_1124	STP1
YDR463W_1125	STP1
YDR463W_1263	STP1
YDR463W_1720	STP1
YDR463W_1890	STP1
YDR463W_2088	STP1
YDR463W_305	STP1
YDR463W_448	STP1
YDR463W_660	STP1
YDR477W_1110	SNF1
YDR477W_1877	SNF1
YDR477W_622	SNF1
YDR520C_1162	URC2
YDR520C_1924	URC2
YDR520C_2189	URC2
YDR520C_553	URC2
YDR520C_659	URC2
YDR520C_834	URC2
YEL009C_1203	GCN4
YEL009C_1287	GCN4
YEL009C_1361	GCN4
YEL009C_1362	GCN4
YEL009C_1363	GCN4
YEL009C_1455	GCN4
YEL009C_1530	GCN4
YEL009C_1628	GCN4
YEL009C_1629	GCN4
YEL009C_1781	GCN4
YEL009C_2042	GCN4
YEL009C_2130	GCN4
YEL009C_2209	GCN4
YEL009C_403	GCN4
YEL009C_601	GCN4
YEL009C_73	GCN4
YEL009C_840	GCN4
YEL009C_881	GCN4
YEL009C_884	GCN4
YEL009C_966	GCN4
YER028C_1029	MIG3
YER028C_1826	MIG3
YER028C_2144	MIG3
YER028C_501	MIG3
YER028C_874	MIG3
YER040W_1206	GLN3
YER040W_1456	GLN3
YER040W_1532	GLN3
YER040W_1631	GLN3
YER040W_1632	GLN3
YER040W_1784	GLN3
YER040W_2131	GLN3
YER040W_373	GLN3
YER040W_539	GLN3
YER040W_641	GLN3
YER040W_793	GLN3
YER040W_970	GLN3
YER040W_971	GLN3
YER040W_972	GLN3
YER045C_1457	ACA1
YER045C_1743	ACA1
YER045C_8	ACA1
YER045C_917	ACA1
YER051W_1163	JHD1
YER051W_1925	JHD1
YER051W_662	JHD1
YER064C_2094	VHR2
YER064C_2111	VHR2
YER068W_1102	MOT2
YER068W_1711	MOT2
YER068W_1870	MOT2
YER068W_356	MOT2
YER068W_556	MOT2
YER069W_1426	ARG5,6
YER088C_1195	DOT6
YER088C_1768	DOT6
YER088C_2151	DOT6
YER088C_2221	DOT6
YER088C_557	DOT6
YER088C_812	DOT6
YER109C_67	FLO8
YER111C_1130	SWI4
YER111C_1266	SWI4
YER111C_1313	SWI4
YER111C_1443	SWI4
YER111C_1583	SWI4
YER111C_1896	SWI4
YER111C_1946	SWI4
YER111C_1947	SWI4
YER111C_1948	SWI4
YER111C_1949	SWI4
YER111C_1950	SWI4
YER111C_1951	SWI4
YER111C_1952	SWI4
YER111C_1953	SWI4
YER111C_1954	SWI4
YER111C_1955	SWI4
YER111C_1956	SWI4
YER111C_1957	SWI4
YER111C_1958	SWI4
YER111C_1959	SWI4
YER111C_1960	SWI4
YER111C_2007	SWI4
YER111C_2058	SWI4
YER111C_368	SWI4
YER111C_584	SWI4
YER111C_627	SWI4
YER111C_887	SWI4
YER130C_1164	COM2
YER130C_1926	COM2
YER130C_2190	COM2
YER130C_2240	COM2
YER130C_534	COM2
YER130C_862	COM2
YER148W_1326	SPT15
YER148W_1566	SPT15
YER148W_2056	SPT15
YER148W_2172	SPT15
YER148W_798	SPT15
YER161C_1114	SPT2
YER161C_1882	SPT2
YER161C_414	SPT2
YER161C_702	SPT2
YER169W_1085	RPH1
YER169W_1086	RPH1
YER169W_1087	RPH1
YER169W_1088	RPH1
YER169W_1252	RPH1
YER169W_1697	RPH1
YER169W_1698	RPH1
YER169W_1699	RPH1
YER169W_1862	RPH1
YER169W_2162	RPH1
YER169W_2228	RPH1
YER169W_279	RPH1
YER169W_547	RPH1
YER169W_675	RPH1
YER169W_823	RPH1
YER184C_1165	TOG1
YER184C_1927	TOG1
YER184C_2095	TOG1
YER184C_512	TOG1
YFL021W_1358	GAT1
YFL021W_1359	GAT1
YFL021W_1360	GAT1
YFL021W_1458	GAT1
YFL021W_1529	GAT1
YFL021W_1625	GAT1
YFL021W_1626	GAT1
YFL021W_1627	GAT1
YFL021W_1779	GAT1
YFL021W_2127	GAT1
YFL021W_2207	GAT1
YFL021W_355	GAT1
YFL021W_491	GAT1
YFL021W_630	GAT1
YFL021W_860	GAT1
YFL021W_962	GAT1
YFL021W_963	GAT1
YFL021W_964	GAT1
YFL031W_1459	HAC1
YFL031W_1788	HAC1
YFL031W_543	HAC1
YFL031W_657	HAC1
YFL031W_94	HAC1
YFL031W_96	HAC1
YFL031W_977	HAC1
YFL031W_98	HAC1
YFL044C_1166	OTU1
YFL044C_1274	OTU1
YFL044C_1928	OTU1
YFL052W_1929	ZNF1
YFR034C_1058	PHO4
YFR034C_1059	PHO4
YFR034C_1240	PHO4
YFR034C_1306	PHO4
YFR034C_1388	PHO4
YFR034C_1389	PHO4
YFR034C_1390	PHO4
YFR034C_1460	PHO4
YFR034C_1551	PHO4
YFR034C_1681	PHO4
YFR034C_1844	PHO4
YFR034C_2051	PHO4
YFR034C_2155	PHO4
YFR034C_2222	PHO4
YFR034C_247	PHO4
YFR034C_359	PHO4
YFR034C_515	PHO4
YFR034C_646	PHO4
YFR034C_827	PHO4
YGL013C_1051	PDR1
YGL013C_1052	PDR1
YGL013C_1238	PDR1
YGL013C_1305	PDR1
YGL013C_1589	PDR1
YGL013C_1674	PDR1
YGL013C_1840	PDR1
YGL013C_2048	PDR1
YGL013C_2061	PDR1
YGL013C_214	PDR1
YGL013C_2152	PDR1
YGL013C_222	PDR1
YGL013C_225	PDR1
YGL013C_363	PDR1
YGL013C_485	PDR1
YGL013C_614	PDR1
YGL013C_863	PDR1
YGL013C_899	PDR1
YGL035C_1026	MIG1
YGL035C_1230	MIG1
YGL035C_1301	MIG1
YGL035C_1547	MIG1
YGL035C_1657	MIG1
YGL035C_1824	MIG1
YGL035C_1994	MIG1
YGL035C_2047	MIG1
YGL035C_2142	MIG1
YGL035C_555	MIG1
YGL035C_654	MIG1
YGL035C_868	MIG1
YGL071W_1067	AFT1
YGL071W_1068	AFT1
YGL071W_1069	AFT1
YGL071W_1243	AFT1
YGL071W_1280	AFT1
YGL071W_1334	AFT1
YGL071W_1335	AFT1
YGL071W_1336	AFT1
YGL071W_1554	AFT1
YGL071W_15	AFT1
YGL071W_1685	AFT1
YGL071W_1686	AFT1
YGL071W_1687	AFT1
YGL071W_1850	AFT1
YGL071W_2114	AFT1
YGL071W_658	AFT1
YGL071W_720	AFT1
YGL071W_785	AFT1
YGL071W_818	AFT1
YGL073W_113	HSF1
YGL073W_1217	HSF1
YGL073W_1292	HSF1
YGL073W_1461	HSF1
YGL073W_1538	HSF1
YGL073W_1639	HSF1
YGL073W_1640	HSF1
YGL073W_1801	HSF1
YGL073W_411	HSF1
YGL073W_476	HSF1
YGL073W_615	HSF1
YGL073W_908	HSF1
YGL073W_994	HSF1
YGL073W_995	HSF1
YGL073W_996	HSF1
YGL073W_997	HSF1
YGL096W_1902	TOS8
YGL096W_494	TOS8
YGL131C_1111	SNT2
YGL131C_1565	SNT2
YGL131C_1878	SNT2
YGL131C_413	SNT2
YGL131C_612	SNT2
YGL162W_1129	SUT1
YGL162W_1894	SUT1
YGL162W_2089	SUT1
YGL162W_374	SUT1
YGL162W_673	SUT1
YGL166W_1520	CUP2
YGL166W_46	CUP2
YGL166W_48.1	CUP2
YGL166W_48.2	CUP2
YGL166W_48.3	CUP2
YGL181W_1208	GTS1
YGL181W_1785	GTS1
YGL181W_694	GTS1
YGL181W_973	GTS1
YGL192W_1000	IME4
YGL192W_1001	IME4
YGL192W_1218	IME4
YGL192W_1642	IME4
YGL192W_1804	IME4
YGL197W_1016	MDS3
YGL197W_1817	MDS3
YGL209W_1027	MIG2
YGL209W_1028	MIG2
YGL209W_1658	MIG2
YGL209W_1825	MIG2
YGL209W_2143	MIG2
YGL209W_523	MIG2
YGL209W_802	MIG2
YGL209W_882	MIG2
YGL237C_1210	HAP2
YGL237C_1290	HAP2
YGL237C_1535	HAP2
YGL237C_1593	HAP2
YGL237C_1635	HAP2
YGL237C_1791	HAP2
YGL237C_647	HAP2
YGL237C_980	HAP2
YGL237C_981	HAP2
YGL254W_1199	FZF1
YGL254W_1775	FZF1
YGL254W_545	FZF1
YGL254W_68	FZF1
YGL254W_69	FZF1
YGL254W_956	FZF1
YGR040W_1005	KSS1
YGR040W_1006	KSS1
YGR040W_1643	KSS1
YGR040W_1644	KSS1
YGR040W_1809	KSS1
YGR044C_1081	RME1
YGR044C_1250	RME1
YGR044C_1860	RME1
YGR044C_273	RME1
YGR044C_275	RME1
YGR044C_626	RME1
YGR067C_1930	YGR067C
YGR067C_2191	YGR067C
YGR067C_548	YGR067C
YGR067C_805	YGR067C
YGR089W_1835	NNF2
YGR097W_1752	ASK10
YGR097W_933	ASK10
YGR249W_1025	MGA1
YGR249W_1462	MGA1
YGR249W_1656	MGA1
YGR249W_1823	MGA1
YGR249W_2141	MGA1
YGR249W_809	MGA1
YGR288W_1224	MAL13
YGR288W_1812	MAL13
YHL009C_1153	YAP3
YHL009C_1409	YAP3
YHL009C_1410	YAP3
YHL009C_1411	YAP3
YHL009C_1463	YAP3
YHL009C_1732	YAP3
YHL009C_1914	YAP3
YHL009C_2092	YAP3
YHL009C_2110	YAP3
YHL009C_561	YAP3
YHL009C_672	YAP3
YHL020C_1049	OPI1
YHL020C_1838	OPI1
YHL020C_642	OPI1
YHL027W_1077	RIM101
YHL027W_1078	RIM101
YHL027W_1248	RIM101
YHL027W_1692	RIM101
YHL027W_1693	RIM101
YHL027W_1857	RIM101
YHL027W_424	RIM101
YHL027W_513	RIM101
YHL027W_600	RIM101
YHR006W_1126	STP2
YHR006W_1264	STP2
YHR006W_1323	STP2
YHR006W_1891	STP2
YHR006W_2174	STP2
YHR006W_2234	STP2
YHR006W_308	STP2
YHR006W_800	STP2
YHR056C_2164	RSC30
YHR056C_527	RSC30
YHR056C_857	RSC30
YHR084W_1120	STE12
YHR084W_1121	STE12
YHR084W_1122	STE12
YHR084W_1123	STE12
YHR084W_1262	STE12
YHR084W_1312	STE12
YHR084W_1570	STE12
YHR084W_1571	STE12
YHR084W_1717	STE12
YHR084W_1718	STE12
YHR084W_1719	STE12
YHR084W_1889	STE12
YHR084W_1999	STE12
YHR084W_2000	STE12
YHR084W_2015	STE12
YHR084W_2016	STE12
YHR084W_2017	STE12
YHR084W_2018	STE12
YHR084W_2019	STE12
YHR084W_2020	STE12
YHR084W_2021	STE12
YHR084W_2022	STE12
YHR084W_2023	STE12
YHR084W_2024	STE12
YHR084W_2025	STE12
YHR084W_2026	STE12
YHR084W_2027	STE12
YHR084W_2028	STE12
YHR084W_2029	STE12
YHR084W_2030	STE12
YHR084W_2031	STE12
YHR084W_2032	STE12
YHR084W_2033	STE12
YHR084W_2034	STE12
YHR084W_2035	STE12
YHR084W_2057	STE12
YHR084W_2087	STE12
YHR084W_400	STE12
YHR084W_563	STE12
YHR084W_665	STE12
YHR084W_894	STE12
YHR124W_1045	NDT80
YHR124W_1304	NDT80
YHR124W_1464	NDT80
YHR124W_1834	NDT80
YHR124W_206	NDT80
YHR124W_2145	NDT80
YHR124W_2215	NDT80
YHR124W_719	NDT80
YHR124W_829	NDT80
YHR178W_1119	STB5
YHR178W_1403	STB5
YHR178W_1404	STB5
YHR178W_1405	STB5
YHR178W_1569	STB5
YHR178W_1887	STB5
YHR178W_2068	STB5
YHR178W_2086	STB5
YHR178W_2108	STB5
YHR178W_301	STB5
YHR178W_370	STB5
YHR178W_514	STB5
YHR178W_707	STB5
YHR206W_1105	SKN7
YHR206W_1106	SKN7
YHR206W_1258	SKN7
YHR206W_1465	SKN7
YHR206W_1713	SKN7
YHR206W_1714	SKN7
YHR206W_1715	SKN7
YHR206W_1873	SKN7
YHR206W_2170	SKN7
YHR206W_289	SKN7
YHR206W_290	SKN7
YHR206W_292	SKN7
YHR206W_293	SKN7
YHR206W_294	SKN7
YHR206W_296	SKN7
YHR206W_380	SKN7
YHR206W_425	SKN7
YHR206W_583	SKN7
YHR206W_663	SKN7
YHR206W_854	SKN7
YHR206W_885	SKN7
YIL036W_1466	CST6
YIL036W_1761	CST6
YIL036W_2075	CST6
YIL036W_2099	CST6
YIL036W_44	CST6
YIL036W_585	CST6
YIL036W_685	CST6
YIL036W_945	CST6
YIL056W_1325	VHR1
YIL056W_2091	VHR1
YIL101C_1149	XBP1
YIL101C_1318	XBP1
YIL101C_1728	XBP1
YIL101C_1912	XBP1
YIL101C_2039	XBP1
YIL101C_2185	XBP1
YIL101C_536	XBP1
YIL101C_674	XBP1
YIL101C_842	XBP1
YIL119C_1863	RPI1
YIL128W_1017	MET18
YIL128W_1818	MET18
YIL130W_2116	ASG1
YIL130W_529	ASG1
YIL130W_807	ASG1
YIL131C_1197	FKH1
YIL131C_1284	FKH1
YIL131C_1434	FKH1
YIL131C_1467	FKH1
YIL131C_1525	FKH1
YIL131C_1773	FKH1
YIL131C_2002	FKH1
YIL131C_2124	FKH1
YIL131C_2204	FKH1
YIL131C_382	FKH1
YIL131C_607	FKH1
YIL131C_60	FKH1
YIL131C_62	FKH1
YIL131C_835	FKH1
YIL131C_913	FKH1
YIR013C_2129	GAT4
YIR013C_2208	GAT4
YIR013C_565	GAT4
YIR013C_814	GAT4
YIR017C_1018	MET28
YIR017C_1468	MET28
YIR017C_1469	MET28
YIR017C_1652	MET28
YIR017C_1819	MET28
YIR017C_703	MET28
YIR018W_1154	YAP5
YIR018W_1155	YAP5
YIR018W_1272	YAP5
YIR018W_1470	YAP5
YIR018W_1733	YAP5
YIR018W_1915	YAP5
YIR018W_712	YAP5
YIR018W_777	YAP5
YIR018W_896	YAP5
YIR023W_1192	DAL81
YIR023W_1611	DAL81
YIR023W_1612	DAL81
YIR023W_1764	DAL81
YIR023W_53	DAL81
YIR023W_611	DAL81
YIR023W_906	DAL81
YIR023W_949	DAL81
YJL056C_1175	ZAP1
YJL056C_1276	ZAP1
YJL056C_1942	ZAP1
YJL056C_2097	ZAP1
YJL056C_2113	ZAP1
YJL056C_353	ZAP1
YJL056C_469	ZAP1
YJL056C_711	ZAP1
YJL089W_1103	SIP4
YJL089W_1104	SIP4
YJL089W_1257	SIP4
YJL089W_1563	SIP4
YJL089W_1712	SIP4
YJL089W_1872	SIP4
YJL089W_2055	SIP4
YJL089W_2067	SIP4
YJL089W_2169	SIP4
YJL089W_2231	SIP4
YJL089W_286	SIP4
YJL089W_371	SIP4
YJL089W_573	SIP4
YJL089W_653	SIP4
YJL089W_847	SIP4
YJL103C_2132	GSM1
YJL103C_2210	GSM1
YJL103C_525	GSM1
YJL103C_780.1	GSM1
YJL103C_780.2	GSM1
YJL103C_856	GSM1
YJL110C_1471	GZF3
YJL110C_1533	GZF3
YJL110C_1633	GZF3
YJL110C_1634	GZF3
YJL110C_1786	GZF3
YJL110C_2133	GZF3
YJL110C_2211	GZF3
YJL110C_586	GZF3
YJL110C_593	GZF3
YJL110C_811	GZF3
YJL110C_974	GZF3
YJL110C_975	GZF3
YJL110C_976	GZF3
YJL127C_1322	SPT10
YJL127C_1880	SPT10
YJL206C_1168	YJL206C
YJL206C_1169	YJL206C
YJL206C_1170	YJL206C
YJL206C_1275	YJL206C
YJL206C_1738	YJL206C
YJL206C_1739	YJL206C
YJL206C_1932	YJL206C
YJR060W_1188	CBF1
YJR060W_1282	CBF1
YJR060W_1346	CBF1
YJR060W_1347	CBF1
YJR060W_1348	CBF1
YJR060W_1472	CBF1
YJR060W_1473	CBF1
YJR060W_1518	CBF1
YJR060W_1606	CBF1
YJR060W_1757	CBF1
YJR060W_2118	CBF1
YJR060W_2202	CBF1
YJR060W_2246	CBF1
YJR060W_396	CBF1
YJR060W_420	CBF1
YJR060W_443	CBF1
YJR060W_466	CBF1
YJR060W_522	CBF1
YJR060W_704	CBF1
YJR060W_789	CBF1
YJR060W_801	CBF1
YJR060W_902	CBF1
YJR060W_940	CBF1
YJR094C_1641	IME1
YJR094C_1803	IME1
YJR094C_655	IME1
YJR094C_999	IME1
YJR127C_1176	RSF2
YJR127C_1277	RSF2
YJR127C_1943	RSF2
YJR127C_575	RSF2
YJR140C_1797	HIR3
YJR140C_990	HIR3
YJR147W_1799	HMS2
YJR147W_992	HMS2
YKL005C_1755	BYE1
YKL015W_1062	PUT3
YKL015W_1063	PUT3
YKL015W_1064	PUT3
YKL015W_1241	PUT3
YKL015W_1307	PUT3
YKL015W_1431	PUT3
YKL015W_1552	PUT3
YKL015W_1682	PUT3
YKL015W_1683	PUT3
YKL015W_1847	PUT3
YKL015W_2065	PUT3
YKL015W_2156	PUT3
YKL015W_2223	PUT3
YKL015W_546	PUT3
YKL015W_708	PUT3
YKL015W_836	PUT3
YKL020C_1113	SPT23
YKL020C_1881	SPT23
YKL020C_388	SPT23
YKL020C_670	SPT23
YKL032C_1004	IXR1
YKL032C_1221	IXR1
YKL032C_1807	IXR1
YKL032C_619	IXR1
YKL038W_1076	RGT1
YKL038W_1247	RGT1
YKL038W_1558	RGT1
YKL038W_1691	RGT1
YKL038W_1856	RGT1
YKL038W_2161	RGT1
YKL038W_2227	RGT1
YKL038W_270	RGT1
YKL038W_566	RGT1
YKL038W_671	RGT1
YKL038W_803	RGT1
YKL043W_1054	PHD1
YKL043W_1239	PHD1
YKL043W_1675	PHD1
YKL043W_1676	PHD1
YKL043W_1842	PHD1
YKL043W_2153	PHD1
YKL043W_393	PHD1
YKL043W_554	PHD1
YKL043W_680	PHD1
YKL043W_832	PHD1
YKL043W_891	PHD1
YKL062W_1040	MSN4
YKL062W_1041	MSN4
YKL062W_1042	MSN4
YKL062W_1043	MSN4
YKL062W_1234	MSN4
YKL062W_1303	MSN4
YKL062W_1590	MSN4
YKL062W_1666	MSN4
YKL062W_1667	MSN4
YKL062W_1668	MSN4
YKL062W_1669	MSN4
YKL062W_1830	MSN4
YKL062W_518	MSN4
YKL062W_613	MSN4
YKL072W_1888	STB6
YKL109W_1212	HAP4
YKL109W_1291	HAP4
YKL109W_1587	HAP4
YKL109W_1636	HAP4
YKL109W_1637	HAP4
YKL109W_1793	HAP4
YKL109W_379	HAP4
YKL109W_695	HAP4
YKL109W_900	HAP4
YKL109W_983	HAP4
YKL109W_984	HAP4
YKL109W_985	HAP4
YKL112W_1178	ABF1
YKL112W_1278	ABF1
YKL112W_1513	ABF1
YKL112W_1741	ABF1
YKL112W_1993	ABF1
YKL112W_2040	ABF1
YKL112W_2072	ABF1
YKL112W_392	ABF1
YKL112W_533	ABF1
YKL112W_5	ABF1
YKL112W_684	ABF1
YKL112W_791	ABF1
YKL112W_905	ABF1
YKL112W_916	ABF1
YKL185W_1184	ASH1
YKL185W_1474	ASH1
YKL185W_1602	ASH1
YKL185W_1751	ASH1
YKL185W_28	ASH1
YKL185W_648	ASH1
YKL185W_932	ASH1
YKL222C_1933	YKL222C
YKL222C_2192	YKL222C
YKL222C_2241	YKL222C
YKL222C_490	YKL222C
YKL222C_806	YKL222C
YKR034W_1355	DAL80
YKR034W_1356	DAL80
YKR034W_1357	DAL80
YKR034W_1475	DAL80
YKR034W_1521	DAL80
YKR034W_1610	DAL80
YKR034W_1763	DAL80
YKR034W_567	DAL80
YKR034W_636	DAL80
YKR034W_947	DAL80
YKR034W_948	DAL80
YKR064W_1171	OAF3
YKR064W_1934	OAF3
YKR099W_1186	BAS1
YKR099W_1281	BAS1
YKR099W_1340	BAS1
YKR099W_1341	BAS1
YKR099W_1342	BAS1
YKR099W_1516	BAS1
YKR099W_1603	BAS1
YKR099W_1754	BAS1
YKR099W_2117	BAS1
YKR099W_402	BAS1
YKR099W_645	BAS1
YKR099W_845	BAS1
YKR099W_897	BAS1
YKR099W_935	BAS1
YKR099W_936	BAS1
YKR101W_1969	SIR1
YLL054C_2193	YLL054C
YLL054C_2242	YLL054C
YLL054C_526	YLL054C
YLL054C_816	YLL054C
YLR013W_1202	GAT3
YLR013W_1476	GAT3
YLR013W_1780	GAT3
YLR013W_2128	GAT3
YLR013W_542	GAT3
YLR013W_705	GAT3
YLR013W_872	GAT3
YLR013W_965	GAT3
YLR014C_1061	PPR1
YLR014C_1432	PPR1
YLR014C_1846	PPR1
YLR014C_2064	PPR1
YLR098C_1189	CHA4
YLR098C_1477	CHA4
YLR098C_1607	CHA4
YLR098C_1758	CHA4
YLR098C_2120	CHA4
YLR098C_488	CHA4
YLR098C_610	CHA4
YLR098C_844	CHA4
YLR098C_941	CHA4
YLR098C_942	CHA4
YLR113W_1800	HOG1
YLR113W_993	HOG1
YLR131C_1179	ACE2
YLR131C_1279	ACE2
YLR131C_1331	ACE2
YLR131C_1332	ACE2
YLR131C_1333	ACE2
YLR131C_1514	ACE2
YLR131C_1744	ACE2
YLR131C_2001	ACE2
YLR131C_405	ACE2
YLR131C_532	ACE2
YLR131C_667	ACE2
YLR131C_886	ACE2
YLR131C_918	ACE2
YLR176C_1074	RFX1
YLR176C_1245	RFX1
YLR176C_1324	RFX1
YLR176C_1478	RFX1
YLR176C_1557	RFX1
YLR176C_1854	RFX1
YLR176C_260	RFX1
YLR176C_266	RFX1
YLR176C_412	RFX1
YLR176C_468	RFX1
YLR176C_496	RFX1
YLR176C_678	RFX1
YLR182W_1132	SWI6
YLR182W_1268	SWI6
YLR182W_1315	SWI6
YLR182W_1588	SWI6
YLR182W_1898	SWI6
YLR182W_1961	SWI6
YLR182W_1962	SWI6
YLR182W_2009	SWI6
YLR182W_367	SWI6
YLR182W_700	SWI6
YLR182W_911	SWI6
YLR223C_1802	IFH1
YLR223C_998	IFH1
YLR228C_1769	ECM22
YLR228C_2076	ECM22
YLR228C_2100	ECM22
YLR228C_2122	ECM22
YLR228C_538	ECM22
YLR228C_58	ECM22
YLR228C_631	ECM22
YLR228C_849	ECM22
YLR256W_1289	HAP1
YLR256W_1511	HAP1
YLR256W_1534	HAP1
YLR256W_1790	HAP1
YLR256W_2078	HAP1
YLR256W_2101	HAP1
YLR256W_376	HAP1
YLR256W_477	HAP1
YLR256W_634	HAP1
YLR256W_979	HAP1
YLR266C_244	PDR8
YLR266C_528	PDR8
YLR278C_1935	YLR278C
YLR278C_2096	YLR278C
YLR278C_2112	YLR278C
YLR278C_589	YLR278C
YLR375W_568	STP3
YLR403W_1098	SFP1
YLR403W_1099	SFP1
YLR403W_1100	SFP1
YLR403W_1101	SFP1
YLR403W_1256	SFP1
YLR403W_1708	SFP1
YLR403W_1709	SFP1
YLR403W_1710	SFP1
YLR403W_1869	SFP1
YLR403W_2168	SFP1
YLR403W_2230	SFP1
YLR403W_357	SFP1
YLR403W_621	SFP1
YLR403W_797	SFP1
YLR442C_1974	SIR3
YLR442C_1975	SIR3
YLR442C_1976	SIR3
YLR442C_1977	SIR3
YLR451W_1007	LEU3
YLR451W_1008	LEU3
YLR451W_1222	LEU3
YLR451W_1295	LEU3
YLR451W_132	LEU3
YLR451W_1512	LEU3
YLR451W_1539	LEU3
YLR451W_1645	LEU3
YLR451W_1810	LEU3
YLR451W_1982	LEU3
YLR451W_1983	LEU3
YLR451W_1984	LEU3
YLR451W_1985	LEU3
YLR451W_1986	LEU3
YLR451W_1987	LEU3
YLR451W_1988	LEU3
YLR451W_1989	LEU3
YLR451W_1990	LEU3
YLR451W_1991	LEU3
YLR451W_1992	LEU3
YLR451W_2135	LEU3
YLR451W_364	LEU3
YLR451W_551	LEU3
YLR451W_638	LEU3
YLR451W_781	LEU3
YLR451W_782	LEU3
YLR451W_783	LEU3
YLR451W_784	LEU3
YLR451W_825	LEU3
YML007W_1150	YAP1
YML007W_1151	YAP1
YML007W_1152	YAP1
YML007W_1271	YAP1
YML007W_1406	YAP1
YML007W_1407	YAP1
YML007W_1408	YAP1
YML007W_1479	YAP1
YML007W_1579	YAP1
YML007W_1729	YAP1
YML007W_1730	YAP1
YML007W_1731	YAP1
YML007W_1913	YAP1
YML007W_2186	YAP1
YML007W_327	YAP1
YML007W_329	YAP1
YML007W_410	YAP1
YML007W_596	YAP1
YML007W_775	YAP1
YML007W_875	YAP1
YML007W_883	YAP1
YML027W_1173	YOX1
YML027W_1480	YOX1
YML027W_1582	YOX1
YML027W_1938	YOX1
YML027W_2196	YOX1
YML027W_453	YOX1
YML027W_498	YOX1
YML027W_640	YOX1
YML027W_819	YOX1
YML051W_1528	GAL80
YML051W_1778	GAL80
YML051W_683	GAL80
YML051W_961	GAL80
YML065W_1549	ORC1
YML076C_1147	WAR1
YML076C_1429	WAR1
YML076C_1481	WAR1
YML076C_1909	WAR1
YML076C_325	WAR1
YML081W_1172	TDA9
YML081W_1936	TDA9
YML081W_2194	TDA9
YML081W_587	TDA9
YML081W_628	TDA9
YML081W_848	TDA9
YML099C_1182	ARG81
YML099C_1506	ARG81
YML099C_1507	ARG81
YML099C_1508	ARG81
YML099C_1599	ARG81
YML099C_1748	ARG81
YML099C_706	ARG81
YML099C_926	ARG81
YML099C_927	ARG81
YML113W_1416	DAT1
YML113W_1766	DAT1
YML113W_950	DAT1
YMR016C_1112	SOK2
YMR016C_1260	SOK2
YMR016C_1716	SOK2
YMR016C_1879	SOK2
YMR016C_404	SOK2
YMR016C_579	SOK2
YMR016C_697	SOK2
YMR019W_1118	STB4
YMR019W_1568	STB4
YMR019W_1886	STB4
YMR019W_2085	STB4
YMR019W_2107	STB4
YMR019W_399	STB4
YMR019W_483	STB4
YMR019W_676	STB4
YMR021C_1009	MAC1
YMR021C_1010	MAC1
YMR021C_1223	MAC1
YMR021C_1296	MAC1
YMR021C_135	MAC1
YMR021C_1540	MAC1
YMR021C_1646	MAC1
YMR021C_1811	MAC1
YMR021C_590	MAC1
YMR037C_1035	MSN2
YMR037C_1036	MSN2
YMR037C_1037	MSN2
YMR037C_1038	MSN2
YMR037C_1039	MSN2
YMR037C_1233	MSN2
YMR037C_1302	MSN2
YMR037C_1379	MSN2
YMR037C_1380	MSN2
YMR037C_1381	MSN2
YMR037C_1585	MSN2
YMR037C_1662	MSN2
YMR037C_1663	MSN2
YMR037C_1664	MSN2
YMR037C_1665	MSN2
YMR037C_1829	MSN2
YMR037C_385	MSN2
YMR037C_503	MSN2
YMR037C_633	MSN2
YMR042W_1181	ARG80
YMR042W_1482	ARG80
YMR042W_1483	ARG80
YMR042W_1484	ARG80
YMR042W_1598	ARG80
YMR042W_1747	ARG80
YMR042W_682	ARG80
YMR042W_924	ARG80
YMR042W_925	ARG80
YMR043W_1015	MCM1
YMR043W_1227	MCM1
YMR043W_1298	MCM1
YMR043W_1367	MCM1
YMR043W_1368	MCM1
YMR043W_1369	MCM1
YMR043W_1438	MCM1
YMR043W_1440	MCM1
YMR043W_1441	MCM1
YMR043W_145	MCM1
YMR043W_1485	MCM1
YMR043W_1543	MCM1
YMR043W_1544	MCM1
YMR043W_1651	MCM1
YMR043W_1816	MCM1
YMR043W_2005	MCM1
YMR043W_2013	MCM1
YMR043W_2014	MCM1
YMR043W_2046	MCM1
YMR043W_2139	MCM1
YMR043W_2213	MCM1
YMR043W_365	MCM1
YMR043W_681	MCM1
YMR043W_831	MCM1
YMR043W_915	MCM1
YMR053C_1117	STB2
YMR053C_1885	STB2
YMR053C_710	STB2
YMR070W_1030	MOT3
YMR070W_1031	MOT3
YMR070W_1032	MOT3
YMR070W_1033	MOT3
YMR070W_1231	MOT3
YMR070W_1659	MOT3
YMR070W_1660	MOT3
YMR070W_1661	MOT3
YMR070W_1827	MOT3
YMR070W_193	MOT3
YMR070W_2080	MOT3
YMR070W_2103	MOT3
YMR070W_352	MOT3
YMR070W_597	MOT3
YMR072W_541	ABF2
YMR075W_1066	RCO1
YMR075W_1849	RCO1
YMR164C_1235	MSS11
YMR164C_1670	MSS11
YMR164C_1831	MSS11
YMR164C_204	MSS11
YMR168C_2119	CEP3
YMR168C_524	CEP3
YMR168C_841	CEP3
YMR182C_1075	RGM1
YMR182C_1246	RGM1
YMR182C_1855	RGM1
YMR182C_531	RGM1
YMR280C_33	CAT8
YMR280C_481	CAT8
YMR280C_728	CAT8
YNL027W_1190	CRZ1
YNL027W_1760	CRZ1
YNL027W_40	CRZ1
YNL027W_42	CRZ1
YNL027W_43	CRZ1
YNL027W_516	CRZ1
YNL027W_594	CRZ1
YNL027W_715	CRZ1
YNL068C_1198	FKH2
YNL068C_1285	FKH2
YNL068C_1486	FKH2
YNL068C_1526	FKH2
YNL068C_1621	FKH2
YNL068C_1622	FKH2
YNL068C_1774	FKH2
YNL068C_2003	FKH2
YNL068C_2125	FKH2
YNL068C_2205	FKH2
YNL068C_381	FKH2
YNL068C_450	FKH2
YNL068C_479	FKH2
YNL068C_63	FKH2
YNL068C_65	FKH2
YNL068C_687	FKH2
YNL068C_830	FKH2
YNL068C_903	FKH2
YNL068C_955	FKH2
YNL103W_1023	MET4
YNL103W_1024	MET4
YNL103W_1229	MET4
YNL103W_1300	MET4
YNL103W_1487	MET4
YNL103W_1488	MET4
YNL103W_1655	MET4
YNL103W_1822	MET4
YNL103W_390	MET4
YNL103W_689	MET4
YNL132W_1808	KRE33
YNL139C_1080	THO2
YNL139C_1859	THO2
YNL139C_664	THO2
YNL139C_786	THO2
YNL167C_1107	SKO1
YNL167C_1400	SKO1
YNL167C_1401	SKO1
YNL167C_1402	SKO1
YNL167C_1489	SKO1
YNL167C_1564	SKO1
YNL167C_1874	SKO1
YNL167C_2084	SKO1
YNL167C_2106	SKO1
YNL167C_297	SKO1
YNL167C_299	SKO1
YNL167C_668	SKO1
YNL167C_718	SKO1
YNL199C_1205	GCR2
YNL199C_1630	GCR2
YNL199C_1783	GCR2
YNL199C_606	GCR2
YNL199C_968	GCR2
YNL199C_969	GCR2
YNL216W_1065	RAP1
YNL216W_1242	RAP1
YNL216W_1308	RAP1
YNL216W_1320	RAP1
YNL216W_1490	RAP1
YNL216W_1553	RAP1
YNL216W_1684	RAP1
YNL216W_1848	RAP1
YNL216W_1963	RAP1
YNL216W_1964	RAP1
YNL216W_1965	RAP1
YNL216W_1966	RAP1
YNL216W_1967	RAP1
YNL216W_1968	RAP1
YNL216W_1995	RAP1
YNL216W_2052	RAP1
YNL216W_2157	RAP1
YNL216W_2224	RAP1
YNL216W_2247	RAP1
YNL216W_254	RAP1
YNL216W_255	RAP1
YNL216W_362	RAP1
YNL216W_487	RAP1
YNL216W_639	RAP1
YNL216W_790	RAP1
YNL216W_837	RAP1
YNL216W_909	RAP1
YNL257C_1871	SIP3
YNL309W_1116	STB1
YNL309W_1261	STB1
YNL309W_1567	STB1
YNL309W_1884	STB1
YNL309W_391	STB1
YNL309W_592	STB1
YNL314W_1193	DAL82
YNL314W_1522	DAL82
YNL314W_1613	DAL82
YNL314W_1614	DAL82
YNL314W_1765	DAL82
YNL314W_372	DAL82
YNL314W_484	DAL82
YNL314W_690	DAL82
YNR054C_1742	ESF2
YNR063W_1937	YNR063W
YNR063W_2195	YNR063W
YNR063W_550	YNR063W
YNR063W_804	YNR063W
YOL028C_1159	YAP7
YOL028C_1412	YAP7
YOL028C_1413	YAP7
YOL028C_1414	YAP7
YOL028C_1491	YAP7
YOL028C_1492	YAP7
YOL028C_1580	YAP7
YOL028C_1736	YAP7
YOL028C_1737	YAP7
YOL028C_1917	YAP7
YOL028C_386	YAP7
YOL028C_624	YAP7
YOL067C_1091	RTG1
YOL067C_1092	RTG1
YOL067C_1093	RTG1
YOL067C_1253	RTG1
YOL067C_1493	RTG1
YOL067C_1494	RTG1
YOL067C_1702	RTG1
YOL067C_1703	RTG1
YOL067C_1865	RTG1
YOL089C_1209	HAL9
YOL089C_1789	HAL9
YOL089C_2134	HAL9
YOL089C_581	HAL9
YOL089C_799	HAL9
YOL089C_978	HAL9
YOL108C_1003	INO4
YOL108C_1220	INO4
YOL108C_1294	INO4
YOL108C_1495	INO4
YOL108C_1586	INO4
YOL108C_1806	INO4
YOL108C_360	INO4
YOL108C_669	INO4
YOL116W_1034	MSN1
YOL116W_1232	MSN1
YOL116W_1376	MSN1
YOL116W_1377	MSN1
YOL116W_1378	MSN1
YOL116W_1828	MSN1
YOL116W_2081	MSN1
YOL116W_2104	MSN1
YOR028C_1349	CIN5
YOR028C_1350	CIN5
YOR028C_1351	CIN5
YOR028C_1496	CIN5
YOR028C_1519	CIN5
YOR028C_1608	CIN5
YOR028C_1609	CIN5
YOR028C_1759	CIN5
YOR028C_2074	CIN5
YOR028C_409	CIN5
YOR028C_577	CIN5
YOR028C_688	CIN5
YOR028C_731	CIN5
YOR028C_912	CIN5
YOR028C_943	CIN5
YOR028C_944	CIN5
YOR032C_1216	HMS1
YOR032C_1497	HMS1
YOR032C_1498	HMS1
YOR032C_1798	HMS1
YOR032C_991	HMS1
YOR038C_1215	HIR2
YOR038C_1796	HIR2
YOR038C_989	HIR2
YOR077W_1867	RTS2
YOR113W_1185	AZF1
YOR113W_1753	AZF1
YOR113W_30	AZF1
YOR113W_415	AZF1
YOR113W_499	AZF1
YOR113W_698	AZF1
YOR113W_934	AZF1
YOR140W_1255	SFL1
YOR140W_1868	SFL1
YOR140W_2167	SFL1
YOR140W_285	SFL1
YOR140W_605	SFL1
YOR140W_764	SFL1
YOR140W_839	SFL1
YOR162C_1174	YRR1
YOR162C_1941	YRR1
YOR162C_2070	YRR1
YOR162C_2201	YRR1
YOR162C_2245	YRR1
YOR162C_333	YRR1
YOR162C_519	YRR1
YOR162C_609	YRR1
YOR162C_866	YRR1
YOR172W_2200	YRM1
YOR172W_571	YRM1
YOR172W_813	YRM1
YOR229W_1911	WTM2
YOR230W_1148	WTM1
YOR230W_1910	WTM1
YOR298C-A_1814	MBF1
YOR298C-A_2045	MBF1
YOR337W_2180	TEA1
YOR337W_493	TEA1
YOR337W_817	TEA1
YOR344C_1138	TYE7
YOR344C_1499	TYE7
YOR344C_1500	TYE7
YOR344C_1576	TYE7
YOR344C_1903	TYE7
YOR344C_2182	TYE7
YOR344C_2238	TYE7
YOR344C_397	TYE7
YOR344C_460	TYE7
YOR344C_572	TYE7
YOR344C_643	TYE7
YOR344C_795	TYE7
YOR358W_1213	HAP5
YOR358W_1537	HAP5
YOR358W_1638	HAP5
YOR358W_1794	HAP5
YOR358W_649	HAP5
YOR358W_986	HAP5
YOR358W_987	HAP5
YOR363C_1060	PIP2
YOR363C_1845	PIP2
YOR363C_2063	PIP2
YOR372C_1044	NDD1
YOR372C_1236	NDD1
YOR372C_1833	NDD1
YOR372C_2006	NDD1
YOR372C_366	NDD1
YOR372C_701	NDD1
YOR380W_1851	RDR1
YOR380W_2158	RDR1
YOR380W_2225	RDR1
YOR380W_510	RDR1
YOR380W_756	RDR1
YOR380W_843	RDR1
YPL021W_578	ECM23
YPL038W_1019	MET31
YPL038W_1020	MET31
YPL038W_1228	MET31
YPL038W_1299	MET31
YPL038W_1370	MET31
YPL038W_1371	MET31
YPL038W_1372	MET31
YPL038W_149	MET31
YPL038W_1545	MET31
YPL038W_1653	MET31
YPL038W_1820	MET31
YPL038W_582	MET31
YPL038W_652	MET31
YPL049C_1194	DIG1
YPL049C_1283	DIG1
YPL049C_1615	DIG1
YPL049C_1616	DIG1
YPL049C_1617	DIG1
YPL049C_1767	DIG1
YPL049C_2010	DIG1
YPL049C_2011	DIG1
YPL049C_2012	DIG1
YPL049C_401	DIG1
YPL049C_691	DIG1
YPL049C_951	DIG1
YPL049C_952	DIG1
YPL049C_953	DIG1
YPL075W_1204	GCR1
YPL075W_1288	GCR1
YPL075W_1531	GCR1
YPL075W_1782	GCR1
YPL075W_2043	GCR1
YPL075W_2071	GCR1
YPL075W_2077	GCR1
YPL075W_686	GCR1
YPL075W_967	GCR1
YPL089C_1079	RLM1
YPL089C_1249	RLM1
YPL089C_1310	RLM1
YPL089C_1428	RLM1
YPL089C_1501	RLM1
YPL089C_1559	RLM1
YPL089C_1694	RLM1
YPL089C_1858	RLM1
YPL089C_271	RLM1
YPL089C_419	RLM1
YPL089C_625	RLM1
YPL089C_910	RLM1
YPL128C_1316	TBF1
YPL128C_2178	TBF1
YPL128C_2248	TBF1
YPL128C_492	TBF1
YPL128C_770	TBF1
YPL128C_796	TBF1
YPL133C_2160	RDS2
YPL133C_2226	RDS2
YPL133C_574	RDS2
YPL133C_757	RDS2
YPL133C_822	RDS2
YPL139C_1142	UME1
YPL139C_1143	UME1
YPL139C_1726	UME1
YPL139C_1905	UME1
YPL139C_787	UME1
YPL177C_1191	CUP9
YPL177C_1352	CUP9
YPL177C_1353	CUP9
YPL177C_1354	CUP9
YPL177C_1502	CUP9
YPL177C_1762	CUP9
YPL177C_2121	CUP9
YPL177C_480	CUP9
YPL177C_846	CUP9
YPL177C_946	CUP9
YPL202C_1337	AFT2
YPL202C_1338	AFT2
YPL202C_1339	AFT2
YPL202C_1596	AFT2
YPL202C_1597	AFT2
YPL202C_1746	AFT2
YPL202C_17	AFT2
YPL202C_18	AFT2
YPL202C_389	AFT2
YPL202C_560	AFT2
YPL202C_617	AFT2
YPL202C_921	AFT2
YPL202C_922	AFT2
YPL202C_923	AFT2
YPL230W_1908	USV1
YPL230W_2184	USV1
YPL230W_509	USV1
YPL230W_824	USV1
YPL248C_1200	GAL4
YPL248C_1201	GAL4
YPL248C_1286	GAL4
YPL248C_1510	GAL4
YPL248C_1527	GAL4
YPL248C_1623	GAL4
YPL248C_1624	GAL4
YPL248C_1777	GAL4
YPL248C_1996	GAL4
YPL248C_1997	GAL4
YPL248C_1998	GAL4
YPL248C_2041	GAL4
YPL248C_2126	GAL4
YPL248C_2206	GAL4
YPL248C_369	GAL4
YPL248C_661	GAL4
YPL248C_876	GAL4
YPL248C_914	GAL4
YPL248C_958	GAL4
YPL248C_959	GAL4
YPL248C_960	GAL4
YPR008W_1425	HAA1
YPR008W_1787	HAA1
YPR009W_1895	SUT2
YPR009W_2177	SUT2
YPR009W_2236	SUT2
YPR009W_869	SUT2
YPR013C_2197	CMR3
YPR013C_2243	CMR3
YPR013C_520	CMR3
YPR013C_859	CMR3
YPR015C_2198	YPR015C
YPR015C_871	YPR015C
YPR022C_1939	SDD4
YPR022C_588	SDD4
YPR052C_2146	NHP6A
YPR052C_2216	NHP6A
YPR052C_879	NHP6A
YPR054W_1108	SMK1
YPR054W_1875	SMK1
YPR065W_1082	ROX1
YPR065W_1083	ROX1
YPR065W_1084	ROX1
YPR065W_1251	ROX1
YPR065W_1394	ROX1
YPR065W_1395	ROX1
YPR065W_1396	ROX1
YPR065W_1503	ROX1
YPR065W_1560	ROX1
YPR065W_1695	ROX1
YPR065W_1696	ROX1
YPR065W_1861	ROX1
YPR065W_2054	ROX1
YPR065W_276	ROX1
YPR065W_278	ROX1
YPR065W_537	ROX1
YPR065W_595	ROX1
YPR065W_889	ROX1
YPR086W_1327	SUA7
YPR104C_1196	FHL1
YPR104C_1504	FHL1
YPR104C_1523	FHL1
YPR104C_1524	FHL1
YPR104C_1618	FHL1
YPR104C_1619	FHL1
YPR104C_1620	FHL1
YPR104C_1772	FHL1
YPR104C_2123	FHL1
YPR104C_2203	FHL1
YPR104C_406	FHL1
YPR104C_535	FHL1
YPR104C_629	FHL1
YPR104C_808	FHL1
YPR104C_893	FHL1
YPR186C_1321	PZF1
YPR196W_1940	YPR196W
YPR196W_2199	YPR196W
YPR196W_2244	YPR196W
YPR196W_549	YPR196W
YPR196W_861	YPR196W
YPR199C_1505	ARR1
YPR199C_1601	ARR1
YPR199C_1750	ARR1
YPR199C_27	ARR1
YPR199C_603	ARR1
YPR199C_930	ARR1
YPR199C_931	ARR1
